{
  "0": ["Stereo Madness", "ForeverBound"],
  "1": ["Back On Track", "DJVI"],
  "2": ["Polargeist", "Step"],
  "3": ["Dry Out", "DJVI"],
  "4": ["Base After Base", "DJVI"],
  "5": ["Cant Let Go", "DJVI"],
  "6": ["Jumper", "Waterflame"],
  "7": ["Time Machine", "Waterflame"],
  "8": ["Cycles", "DJVI"],
  "9": ["xStep", "DJVI"],
  "10": ["Clutterfunk", "Waterflame"],
  "11": ["Theory of Everything", "DJ-Nate"],
  "12": ["Electroman Adventures", "Waterflame"],
  "13": ["Clubstep", "DJ-Nate"],
  "14": ["Electrodynamix", "DJ-Nate"],
  "15": ["Hexagon Force", "Waterflame"],
  "16": ["Blast Processing", "Waterflame"],
  "17": ["Theory of Everything 2", "DJ-Nate"],
  "18": ["Geometrical Dominator", "Waterflame"],
  "19": ["Deadlocked", "F-777"],
  "20": ["Fingerdash", "MDK"],
  "21": ["The Seven Seas", "F-777"],
  "22": ["Viking Arena", "F-777"],
  "23": ["Airborne Robots", "F-777"],
  "24": ["Secret", "RobTopGames"],
  "25": ["Payload", "Dex Arson"],
  "26": ["Beast Mode", "Dex Arson"],
  "27": ["Machina", "Dex Arson"],
  "28": ["Years", "Dex Arson"],
  "29": ["Frontlines", "Dex Arson"],
  "30": ["Space Pirates", "Waterflame"],
  "31": ["Striker", "Waterflame"],
  "32": ["Embers", "Dex Arson"],
  "33": ["Round 1", "Dex Arson"],
  "34": ["Monster Dance Off", "F-777"],
  "+" : ["Unknown", "DJVI"]
}
